filename,steering
141_93_e995a3aa-04a7-11ee-a22b-845cf3264332.jpg,0.003921568393707275
141_93_e9b742b2-04a7-11ee-a22b-845cf3264332.jpg,0.003921568393707275
141_93_e9f79a74-04a7-11ee-a22b-845cf3264332.jpg,0.003921568393707275
141_93_ea298d68-04a7-11ee-a22b-845cf3264332.jpg,0.427450954914093
141_93_ea6125b6-04a7-11ee-a22b-845cf3264332.jpg,0.003921568393707275
141_93_ea8e18b4-04a7-11ee-a22b-845cf3264332.jpg,0.003921568393707275
141_93_eac6d726-04a7-11ee-a22b-845cf3264332.jpg,0.003921568393707275
141_93_eb09612c-04a7-11ee-a22b-845cf3264332.jpg,0.5607843399047852
141_93_eb434900-04a7-11ee-a22b-845cf3264332.jpg,1.0
141_93_eb6b0486-04a7-11ee-a22b-845cf3264332.jpg,0.003921568393707275
141_93_eba183da-04a7-11ee-a22b-845cf3264332.jpg,0.003921568393707275
141_93_ebd0a1f6-04a7-11ee-a22b-845cf3264332.jpg,0.003921568393707275
141_93_ec11232a-04a7-11ee-a22b-845cf3264332.jpg,1.0
141_93_ec42b390-04a7-11ee-a22b-845cf3264332.jpg,0.686274528503418
141_93_ec71cfd6-04a7-11ee-a22b-845cf3264332.jpg,0.003921568393707275
141_93_eca6685e-04a7-11ee-a22b-845cf3264332.jpg,0.003921568393707275
141_93_ecede724-04a7-11ee-a22b-845cf3264332.jpg,0.003921568393707275
141_93_ed1a27f8-04a7-11ee-a22b-845cf3264332.jpg,0.38823527097702026
141_93_ed51aaf2-04a7-11ee-a22b-845cf3264332.jpg,0.003921568393707275
141_93_ed802576-04a7-11ee-a22b-845cf3264332.jpg,0.7019608020782471
141_93_edbce916-04a7-11ee-a22b-845cf3264332.jpg,0.003921568393707275
141_93_edf0bca0-04a7-11ee-a22b-845cf3264332.jpg,1.0
141_93_ee360d96-04a7-11ee-a22b-845cf3264332.jpg,0.003921568393707275
141_93_ee5f6c9a-04a7-11ee-a22b-845cf3264332.jpg,1.0
141_93_ee97fa7e-04a7-11ee-a22b-845cf3264332.jpg,1.0
141_93_eec9f0b0-04a7-11ee-a22b-845cf3264332.jpg,0.003921568393707275
141_93_ef12d5dc-04a7-11ee-a22b-845cf3264332.jpg,0.37254899740219116
141_93_ef39a2a2-04a7-11ee-a22b-845cf3264332.jpg,1.0
141_93_ef719464-04a7-11ee-a22b-845cf3264332.jpg,1.0
141_93_ef9d831c-04a7-11ee-a22b-845cf3264332.jpg,0.003921568393707275
141_93_efcfa66c-04a7-11ee-a22b-845cf3264332.jpg,0.003921568393707275
141_93_f00a051e-04a7-11ee-a22b-845cf3264332.jpg,0.003921568393707275
141_93_f042014e-04a7-11ee-a22b-845cf3264332.jpg,0.003921568393707275
141_93_f07560e8-04a7-11ee-a22b-845cf3264332.jpg,-0.30980396270751953
141_93_f0aea9b6-04a7-11ee-a22b-845cf3264332.jpg,0.003921568393707275
141_93_f0eab726-04a7-11ee-a22b-845cf3264332.jpg,0.003921568393707275
141_93_f11ab728-04a7-11ee-a22b-845cf3264332.jpg,0.003921568393707275
141_93_f150bc92-04a7-11ee-a22b-845cf3264332.jpg,-0.003921627998352051
141_93_f19136d2-04a7-11ee-a22b-845cf3264332.jpg,-0.7019608020782471
141_93_f1bffbfc-04a7-11ee-a22b-845cf3264332.jpg,0.003921568393707275
141_93_f1ec6494-04a7-11ee-a22b-845cf3264332.jpg,0.003921568393707275
141_93_f22b537a-04a7-11ee-a22b-845cf3264332.jpg,-0.40392160415649414
141_93_f25fbf5c-04a7-11ee-a22b-845cf3264332.jpg,0.003921568393707275
141_93_f2922870-04a7-11ee-a22b-845cf3264332.jpg,0.003921568393707275
141_93_f2ce2b22-04a7-11ee-a22b-845cf3264332.jpg,0.003921568393707275
141_93_f3000bba-04a7-11ee-a22b-845cf3264332.jpg,0.003921568393707275
141_93_f33726c2-04a7-11ee-a22b-845cf3264332.jpg,-0.20784318447113037
141_93_f3642910-04a7-11ee-a22b-845cf3264332.jpg,0.003921568393707275
141_93_f39a17c8-04a7-11ee-a22b-845cf3264332.jpg,0.003921568393707275
141_93_f3da1fe4-04a7-11ee-a22b-845cf3264332.jpg,-0.38823533058166504
141_93_f4095e1c-04a7-11ee-a22b-845cf3264332.jpg,0.003921568393707275
141_93_f447bc98-04a7-11ee-a22b-845cf3264332.jpg,0.003921568393707275
141_93_f485a508-04a7-11ee-a22b-845cf3264332.jpg,0.003921568393707275
141_93_f4aadd00-04a7-11ee-a22b-845cf3264332.jpg,1.0
141_93_f4e38538-04a7-11ee-a22b-845cf3264332.jpg,0.003921568393707275
141_93_f51af860-04a7-11ee-a22b-845cf3264332.jpg,0.003921568393707275
141_93_f5487588-04a7-11ee-a22b-845cf3264332.jpg,0.003921568393707275
141_93_f5879f9c-04a7-11ee-a22b-845cf3264332.jpg,0.003921568393707275
141_93_f5b9a460-04a7-11ee-a22b-845cf3264332.jpg,0.003921568393707275
141_93_f5f13e8e-04a7-11ee-a22b-845cf3264332.jpg,0.19999998807907104
141_93_f626b352-04a7-11ee-a22b-845cf3264332.jpg,1.0
141_93_f6566098-04a7-11ee-a22b-845cf3264332.jpg,1.0
141_93_f693bab0-04a7-11ee-a22b-845cf3264332.jpg,1.0
141_93_f6c01df8-04a7-11ee-a22b-845cf3264332.jpg,1.0
141_93_f6f96612-04a7-11ee-a22b-845cf3264332.jpg,0.003921568393707275
141_93_f72aeae8-04a7-11ee-a22b-845cf3264332.jpg,0.003921568393707275
141_93_f7603888-04a7-11ee-a22b-845cf3264332.jpg,1.0
141_93_f7967588-04a7-11ee-a22b-845cf3264332.jpg,0.003921568393707275
141_93_f7cb46fa-04a7-11ee-a22b-845cf3264332.jpg,0.003921568393707275
141_93_f80b38f0-04a7-11ee-a22b-845cf3264332.jpg,1.0
141_93_f83e7c74-04a7-11ee-a22b-845cf3264332.jpg,0.003921568393707275
141_93_f876f57c-04a7-11ee-a22b-845cf3264332.jpg,0.003921568393707275
141_93_f8b098cc-04a7-11ee-a22b-845cf3264332.jpg,1.0
141_93_f8e36ea0-04a7-11ee-a22b-845cf3264332.jpg,0.4588235020637512
141_93_f9198116-04a7-11ee-a22b-845cf3264332.jpg,0.003921568393707275
141_93_f943412c-04a7-11ee-a22b-845cf3264332.jpg,0.003921568393707275
141_93_f978c414-04a7-11ee-a22b-845cf3264332.jpg,0.003921568393707275
141_93_f9b96a6e-04a7-11ee-a22b-845cf3264332.jpg,0.5372549295425415
141_93_f9f39658-04a7-11ee-a22b-845cf3264332.jpg,1.0
141_93_fa1ad4ac-04a7-11ee-a22b-845cf3264332.jpg,0.003921568393707275
141_93_fa54bc62-04a7-11ee-a22b-845cf3264332.jpg,-1.0
141_93_fa852820-04a7-11ee-a22b-845cf3264332.jpg,0.003921568393707275
141_93_fac7e55c-04a7-11ee-a22b-845cf3264332.jpg,0.41960781812667847
141_93_faf9a15a-04a7-11ee-a22b-845cf3264332.jpg,0.003921568393707275
141_93_fb2edbae-04a7-11ee-a22b-845cf3264332.jpg,0.003921568393707275
141_93_fb5fa504-04a7-11ee-a22b-845cf3264332.jpg,0.003921568393707275
141_93_fb974112-04a7-11ee-a22b-845cf3264332.jpg,-1.0
141_93_fbd267ec-04a7-11ee-a22b-845cf3264332.jpg,0.003921568393707275
141_93_fbfe49d4-04a7-11ee-a22b-845cf3264332.jpg,0.003921568393707275
141_93_fc37284e-04a7-11ee-a22b-845cf3264332.jpg,-1.0
141_93_fc6991e4-04a7-11ee-a22b-845cf3264332.jpg,0.003921568393707275
141_93_fca0ab84-04a7-11ee-a22b-845cf3264332.jpg,0.003921568393707275
141_93_fcd7a2ec-04a7-11ee-a22b-845cf3264332.jpg,0.003921568393707275
141_93_fd0eae0e-04a7-11ee-a22b-845cf3264332.jpg,0.003921568393707275
141_93_fd4f54fe-04a7-11ee-a22b-845cf3264332.jpg,-0.545098066329956
141_93_fd877276-04a7-11ee-a22b-845cf3264332.jpg,-0.545098066329956
141_93_fdc26c50-04a7-11ee-a22b-845cf3264332.jpg,0.003921568393707275
141_93_fdf4dea6-04a7-11ee-a22b-845cf3264332.jpg,0.003921568393707275
141_93_fe258542-04a7-11ee-a22b-845cf3264332.jpg,0.003921568393707275
141_93_fe5a7e32-04a7-11ee-a22b-845cf3264332.jpg,0.003921568393707275
141_93_fe98c980-04a7-11ee-a22b-845cf3264332.jpg,0.003921568393707275
141_93_fecb873a-04a7-11ee-a22b-845cf3264332.jpg,0.003921568393707275
141_93_ff029d60-04a7-11ee-a22b-845cf3264332.jpg,0.2549019455909729
141_93_ff3451ca-04a7-11ee-a22b-845cf3264332.jpg,0.2549019455909729
141_93_ff63c662-04a7-11ee-a22b-845cf3264332.jpg,0.2549019455909729
141_93_ff9883c0-04a7-11ee-a22b-845cf3264332.jpg,0.2549019455909729
141_93_ffce57ac-04a7-11ee-a22b-845cf3264332.jpg,1.0
141_93_000d69a6-04a8-11ee-a22b-845cf3264332.jpg,1.0
141_93_003e3a2c-04a8-11ee-a22b-845cf3264332.jpg,0.003921568393707275
141_93_006e06da-04a8-11ee-a22b-845cf3264332.jpg,0.003921568393707275
141_93_00a57246-04a8-11ee-a22b-845cf3264332.jpg,0.003921568393707275
141_93_00dbd76e-04a8-11ee-a22b-845cf3264332.jpg,1.0
141_93_0113a950-04a8-11ee-a22b-845cf3264332.jpg,1.0
141_93_0145a068-04a8-11ee-a22b-845cf3264332.jpg,0.003921568393707275
141_93_01749828-04a8-11ee-a22b-845cf3264332.jpg,0.003921568393707275
141_93_01b8ee2e-04a8-11ee-a22b-845cf3264332.jpg,1.0
141_93_01e63898-04a8-11ee-a22b-845cf3264332.jpg,0.8823529481887817
141_93_0222ce5c-04a8-11ee-a22b-845cf3264332.jpg,0.003921568393707275
141_93_024bcfc8-04a8-11ee-a22b-845cf3264332.jpg,0.003921568393707275
141_93_0280eafa-04a8-11ee-a22b-845cf3264332.jpg,1.0
141_93_02cb8a2e-04a8-11ee-a22b-845cf3264332.jpg,0.003921568393707275
141_93_03095d5e-04a8-11ee-a22b-845cf3264332.jpg,0.2078431248664856
141_93_032a0900-04a8-11ee-a22b-845cf3264332.jpg,1.0
141_93_0357d722-04a8-11ee-a22b-845cf3264332.jpg,1.0
141_93_038da4f6-04a8-11ee-a22b-845cf3264332.jpg,1.0
141_93_03cfd556-04a8-11ee-a22b-845cf3264332.jpg,0.003921568393707275
141_93_03f98e8c-04a8-11ee-a22b-845cf3264332.jpg,0.003921568393707275
141_93_043016fa-04a8-11ee-a22b-845cf3264332.jpg,0.003921568393707275
141_93_04643534-04a8-11ee-a22b-845cf3264332.jpg,0.003921568393707275
141_93_04a1b562-04a8-11ee-a22b-845cf3264332.jpg,-1.0
141_93_04dbf812-04a8-11ee-a22b-845cf3264332.jpg,-0.7098039388656616
141_93_050e8e6c-04a8-11ee-a22b-845cf3264332.jpg,1.0
141_93_053c9f82-04a8-11ee-a22b-845cf3264332.jpg,0.003921568393707275
141_93_0570cf64-04a8-11ee-a22b-845cf3264332.jpg,0.003921568393707275
141_93_05be48b6-04a8-11ee-a22b-845cf3264332.jpg,-0.12156867980957031
141_93_05e278a8-04a8-11ee-a22b-845cf3264332.jpg,-0.5843137502670288
141_93_061c878c-04a8-11ee-a22b-845cf3264332.jpg,0.003921568393707275
141_93_06494d12-04a8-11ee-a22b-845cf3264332.jpg,0.003921568393707275
141_93_067edfcc-04a8-11ee-a22b-845cf3264332.jpg,0.003921568393707275
141_93_06b4cdda-04a8-11ee-a22b-845cf3264332.jpg,0.003921568393707275
141_93_06e97062-04a8-11ee-a22b-845cf3264332.jpg,0.003921568393707275
141_93_072e45f2-04a8-11ee-a22b-845cf3264332.jpg,0.003921568393707275
141_93_075624a0-04a8-11ee-a22b-845cf3264332.jpg,0.003921568393707275
141_93_078bdb7c-04a8-11ee-a22b-845cf3264332.jpg,0.003921568393707275
141_93_07c3fb60-04a8-11ee-a22b-845cf3264332.jpg,0.003921568393707275
141_93_07f931d6-04a8-11ee-a22b-845cf3264332.jpg,0.003921568393707275
141_93_0836b862-04a8-11ee-a22b-845cf3264332.jpg,0.003921568393707275
141_93_086221e6-04a8-11ee-a22b-845cf3264332.jpg,0.003921568393707275
141_93_089b6028-04a8-11ee-a22b-845cf3264332.jpg,0.003921568393707275
141_93_08cf51bc-04a8-11ee-a22b-845cf3264332.jpg,0.003921568393707275
141_93_090c7e2a-04a8-11ee-a22b-845cf3264332.jpg,1.0
141_93_0942faf4-04a8-11ee-a22b-845cf3264332.jpg,0.40392154455184937
141_93_096e9c72-04a8-11ee-a22b-845cf3264332.jpg,0.003921568393707275
141_93_09afb4be-04a8-11ee-a22b-845cf3264332.jpg,0.5921568870544434
141_93_09e3db18-04a8-11ee-a22b-845cf3264332.jpg,0.003921568393707275
141_93_0a0f68c8-04a8-11ee-a22b-845cf3264332.jpg,0.003921568393707275
141_93_0a4b109e-04a8-11ee-a22b-845cf3264332.jpg,0.003921568393707275
141_93_0a8c1e40-04a8-11ee-a22b-845cf3264332.jpg,0.34117645025253296
141_93_0ab7bc26-04a8-11ee-a22b-845cf3264332.jpg,1.0
141_93_0aef7cd8-04a8-11ee-a22b-845cf3264332.jpg,0.003921568393707275
141_93_0b1c170c-04a8-11ee-a22b-845cf3264332.jpg,0.003921568393707275
141_93_0b554ae0-04a8-11ee-a22b-845cf3264332.jpg,1.0
141_93_0b8dec56-04a8-11ee-a22b-845cf3264332.jpg,1.0
141_93_0bbfbfe2-04a8-11ee-a22b-845cf3264332.jpg,1.0
141_93_0bf85a50-04a8-11ee-a22b-845cf3264332.jpg,0.003921568393707275
141_93_0c29d8c8-04a8-11ee-a22b-845cf3264332.jpg,0.003921568393707275
141_93_0c6bb46e-04a8-11ee-a22b-845cf3264332.jpg,0.003921568393707275
141_93_0c96111e-04a8-11ee-a22b-845cf3264332.jpg,0.003921568393707275
141_93_0ce76cc6-04a8-11ee-a22b-845cf3264332.jpg,0.003921568393707275
141_93_0d096cb8-04a8-11ee-a22b-845cf3264332.jpg,1.0
141_93_0d3e3d26-04a8-11ee-a22b-845cf3264332.jpg,0.003921568393707275
141_93_0d762b6e-04a8-11ee-a22b-845cf3264332.jpg,0.6549019813537598
141_93_0dcdaff6-04a8-11ee-a22b-845cf3264332.jpg,0.003921568393707275
141_93_0de48442-04a8-11ee-a22b-845cf3264332.jpg,0.003921568393707275
141_93_0e13ce3c-04a8-11ee-a22b-845cf3264332.jpg,1.0
141_93_0e43d438-04a8-11ee-a22b-845cf3264332.jpg,1.0
141_93_0e7a70ce-04a8-11ee-a22b-845cf3264332.jpg,0.003921568393707275
141_93_0eaed530-04a8-11ee-a22b-845cf3264332.jpg,0.003921568393707275
141_93_0ee5b370-04a8-11ee-a22b-845cf3264332.jpg,0.003921568393707275
141_93_0f1ae612-04a8-11ee-a22b-845cf3264332.jpg,0.003921568393707275
141_93_0f5d17d0-04a8-11ee-a22b-845cf3264332.jpg,-1.0
141_93_0f88bdae-04a8-11ee-a22b-845cf3264332.jpg,0.003921568393707275
141_93_0fbbf16a-04a8-11ee-a22b-845cf3264332.jpg,0.003921568393707275
141_93_0ffb567a-04a8-11ee-a22b-845cf3264332.jpg,-1.0
141_93_102c1544-04a8-11ee-a22b-845cf3264332.jpg,0.003921568393707275
141_93_105f01ac-04a8-11ee-a22b-845cf3264332.jpg,0.003921568393707275
141_93_109ef294-04a8-11ee-a22b-845cf3264332.jpg,-1.0
141_93_10ce3482-04a8-11ee-a22b-845cf3264332.jpg,0.003921568393707275
141_93_10fef6a8-04a8-11ee-a22b-845cf3264332.jpg,0.003921568393707275
141_93_11353790-04a8-11ee-a22b-845cf3264332.jpg,0.003921568393707275
141_93_1171f1e4-04a8-11ee-a22b-845cf3264332.jpg,0.07450979948043823
141_93_11abd45e-04a8-11ee-a22b-845cf3264332.jpg,0.003921568393707275
141_93_11ec5614-04a8-11ee-a22b-845cf3264332.jpg,-0.15294122695922852
141_93_1211fc66-04a8-11ee-a22b-845cf3264332.jpg,-1.0
141_93_12411a78-04a8-11ee-a22b-845cf3264332.jpg,0.003921568393707275
141_93_127b09a4-04a8-11ee-a22b-845cf3264332.jpg,-1.0
141_93_12b6de70-04a8-11ee-a22b-845cf3264332.jpg,0.003921568393707275
141_93_12ec0d0c-04a8-11ee-a22b-845cf3264332.jpg,0.10588234663009644
141_93_131746de-04a8-11ee-a22b-845cf3264332.jpg,0.003921568393707275
141_93_1354c068-04a8-11ee-a22b-845cf3264332.jpg,0.003921568393707275
141_93_138314fe-04a8-11ee-a22b-845cf3264332.jpg,0.003921568393707275
141_93_13c55742-04a8-11ee-a22b-845cf3264332.jpg,1.0
141_93_13f4d65c-04a8-11ee-a22b-845cf3264332.jpg,0.003921568393707275
141_93_14315578-04a8-11ee-a22b-845cf3264332.jpg,0.003921568393707275
141_93_145f8ec0-04a8-11ee-a22b-845cf3264332.jpg,1.0
141_93_1497a4ea-04a8-11ee-a22b-845cf3264332.jpg,1.0
141_93_14d51ac8-04a8-11ee-a22b-845cf3264332.jpg,0.498039186000824
141_93_15025f88-04a8-11ee-a22b-845cf3264332.jpg,0.003921568393707275
141_93_1531847a-04a8-11ee-a22b-845cf3264332.jpg,0.003921568393707275
141_93_1567d35e-04a8-11ee-a22b-845cf3264332.jpg,0.003921568393707275
141_93_15abee7c-04a8-11ee-a22b-845cf3264332.jpg,1.0
141_93_15e2779e-04a8-11ee-a22b-845cf3264332.jpg,0.003921568393707275
141_93_1607489e-04a8-11ee-a22b-845cf3264332.jpg,0.003921568393707275
141_93_1642cb4e-04a8-11ee-a22b-845cf3264332.jpg,0.06666666269302368
141_93_16730ec6-04a8-11ee-a22b-845cf3264332.jpg,1.0
141_93_16b1f8c0-04a8-11ee-a22b-845cf3264332.jpg,0.003921568393707275
141_93_16e9aafe-04a8-11ee-a22b-845cf3264332.jpg,0.41960781812667847
141_93_17154b3c-04a8-11ee-a22b-845cf3264332.jpg,1.0
141_93_174c8228-04a8-11ee-a22b-845cf3264332.jpg,1.0
141_93_179283cc-04a8-11ee-a22b-845cf3264332.jpg,0.43529409170150757
141_93_17c01f4e-04a8-11ee-a22b-845cf3264332.jpg,0.003921568393707275
141_93_17f83578-04a8-11ee-a22b-845cf3264332.jpg,0.4745097756385803
141_93_1825c0c4-04a8-11ee-a22b-845cf3264332.jpg,0.003921568393707275
141_93_1859e9ee-04a8-11ee-a22b-845cf3264332.jpg,0.003921568393707275
141_93_188e06de-04a8-11ee-a22b-845cf3264332.jpg,0.003921568393707275
141_93_18c4e6ae-04a8-11ee-a22b-845cf3264332.jpg,0.003921568393707275
141_93_18f9c14e-04a8-11ee-a22b-845cf3264332.jpg,0.003921568393707275
141_93_192fdbf8-04a8-11ee-a22b-845cf3264332.jpg,0.003921568393707275
141_93_196a3d02-04a8-11ee-a22b-845cf3264332.jpg,0.003921568393707275
141_93_19a06e5e-04a8-11ee-a22b-845cf3264332.jpg,0.003921568393707275
141_93_19d4d716-04a8-11ee-a22b-845cf3264332.jpg,-0.615686297416687
141_93_1a0de3da-04a8-11ee-a22b-845cf3264332.jpg,0.003921568393707275
141_93_1a3d023c-04a8-11ee-a22b-845cf3264332.jpg,0.003921568393707275
141_93_1a77228c-04a8-11ee-a22b-845cf3264332.jpg,-1.0
141_93_1aae53b0-04a8-11ee-a22b-845cf3264332.jpg,0.003921568393707275
141_93_1ae3a92a-04a8-11ee-a22b-845cf3264332.jpg,0.003921568393707275
141_93_1b137d30-04a8-11ee-a22b-845cf3264332.jpg,0.003921568393707275
141_93_1b4a8a28-04a8-11ee-a22b-845cf3264332.jpg,0.003921568393707275
141_93_1b7f5500-04a8-11ee-a22b-845cf3264332.jpg,0.003921568393707275
141_93_1bb71e4a-04a8-11ee-a22b-845cf3264332.jpg,0.003921568393707275
141_93_1be991b8-04a8-11ee-a22b-845cf3264332.jpg,0.003921568393707275
141_93_1c200d24-04a8-11ee-a22b-845cf3264332.jpg,0.003921568393707275
141_93_1c557f04-04a8-11ee-a22b-845cf3264332.jpg,0.003921568393707275
141_93_1c8ab26e-04a8-11ee-a22b-845cf3264332.jpg,0.003921568393707275
141_93_1cc2ddd8-04a8-11ee-a22b-845cf3264332.jpg,0.003921568393707275
141_93_1cf85882-04a8-11ee-a22b-845cf3264332.jpg,0.003921568393707275
141_93_1d35f660-04a8-11ee-a22b-845cf3264332.jpg,0.05882352590560913
141_93_1d6f9f32-04a8-11ee-a22b-845cf3264332.jpg,0.003921568393707275
141_93_1d98dae6-04a8-11ee-a22b-845cf3264332.jpg,0.003921568393707275
141_93_1dceab8a-04a8-11ee-a22b-845cf3264332.jpg,0.003921568393707275
141_93_1e0bdab4-04a8-11ee-a22b-845cf3264332.jpg,0.011764705181121826
141_93_1e3f3efe-04a8-11ee-a22b-845cf3264332.jpg,0.003921568393707275
141_93_1e6fbf02-04a8-11ee-a22b-845cf3264332.jpg,0.003921568393707275
141_93_1eb5441e-04a8-11ee-a22b-845cf3264332.jpg,1.0
141_93_1ee1b04e-04a8-11ee-a22b-845cf3264332.jpg,1.0
141_93_1f113512-04a8-11ee-a22b-845cf3264332.jpg,1.0
141_93_1f572e82-04a8-11ee-a22b-845cf3264332.jpg,0.003921568393707275
141_93_1f82252e-04a8-11ee-a22b-845cf3264332.jpg,0.003921568393707275
141_93_1fbca712-04a8-11ee-a22b-845cf3264332.jpg,0.7254902124404907
141_93_1fe796f2-04a8-11ee-a22b-845cf3264332.jpg,1.0
141_93_201e8928-04a8-11ee-a22b-845cf3264332.jpg,0.003921568393707275
141_93_205a76a4-04a8-11ee-a22b-845cf3264332.jpg,0.3019607663154602
141_93_2098e6fa-04a8-11ee-a22b-845cf3264332.jpg,1.0
141_93_20c997aa-04a8-11ee-a22b-845cf3264332.jpg,0.003921568393707275
141_93_20fc850c-04a8-11ee-a22b-845cf3264332.jpg,0.003921568393707275
141_93_2129d638-04a8-11ee-a22b-845cf3264332.jpg,0.003921568393707275
141_93_2170bec2-04a8-11ee-a22b-845cf3264332.jpg,0.16862744092941284
141_93_219a6f56-04a8-11ee-a22b-845cf3264332.jpg,1.0
141_93_21d46dfa-04a8-11ee-a22b-845cf3264332.jpg,1.0
141_93_2203bd08-04a8-11ee-a22b-845cf3264332.jpg,0.003921568393707275
141_93_2236d760-04a8-11ee-a22b-845cf3264332.jpg,0.003921568393707275
141_93_2270cc68-04a8-11ee-a22b-845cf3264332.jpg,0.003921568393707275
141_93_22b2d59a-04a8-11ee-a22b-845cf3264332.jpg,1.0
141_93_22e1e60a-04a8-11ee-a22b-845cf3264332.jpg,0.003921568393707275
141_93_23155d46-04a8-11ee-a22b-845cf3264332.jpg,-0.11372554302215576
141_93_234d34e6-04a8-11ee-a22b-845cf3264332.jpg,0.003921568393707275
141_93_237b8c60-04a8-11ee-a22b-845cf3264332.jpg,0.003921568393707275
141_93_23bbfd40-04a8-11ee-a22b-845cf3264332.jpg,-1.0
141_93_23ec4c84-04a8-11ee-a22b-845cf3264332.jpg,0.003921568393707275
141_93_241c67a2-04a8-11ee-a22b-845cf3264332.jpg,0.003921568393707275
141_93_24520fe2-04a8-11ee-a22b-845cf3264332.jpg,0.003921568393707275
141_93_248747de-04a8-11ee-a22b-845cf3264332.jpg,0.003921568393707275
141_93_24bc8368-04a8-11ee-a22b-845cf3264332.jpg,0.003921568393707275
141_93_24f2552e-04a8-11ee-a22b-845cf3264332.jpg,0.003921568393707275
141_93_2532205a-04a8-11ee-a22b-845cf3264332.jpg,0.003921568393707275
141_93_255f6d6c-04a8-11ee-a22b-845cf3264332.jpg,0.003921568393707275
141_93_2594720a-04a8-11ee-a22b-845cf3264332.jpg,0.003921568393707275
141_93_25c9917e-04a8-11ee-a22b-845cf3264332.jpg,0.003921568393707275
141_93_2606274c-04a8-11ee-a22b-845cf3264332.jpg,-1.0
141_93_2634950a-04a8-11ee-a22b-845cf3264332.jpg,0.003921568393707275
141_93_266c3d7a-04a8-11ee-a22b-845cf3264332.jpg,0.003921568393707275
141_93_26a34f90-04a8-11ee-a22b-845cf3264332.jpg,0.003921568393707275
141_93_26d54b30-04a8-11ee-a22b-845cf3264332.jpg,0.003921568393707275
141_93_271a5072-04a8-11ee-a22b-845cf3264332.jpg,0.003921568393707275
141_93_27410aaa-04a8-11ee-a22b-845cf3264332.jpg,0.003921568393707275
141_93_2779acfc-04a8-11ee-a22b-845cf3264332.jpg,0.003921568393707275
141_93_27b3e48a-04a8-11ee-a22b-845cf3264332.jpg,0.30980390310287476
141_93_27e28970-04a8-11ee-a22b-845cf3264332.jpg,0.003921568393707275
141_93_28183cbe-04a8-11ee-a22b-845cf3264332.jpg,0.003921568393707275
141_93_285bd0dc-04a8-11ee-a22b-845cf3264332.jpg,0.06666666269302368
141_93_288ca41e-04a8-11ee-a22b-845cf3264332.jpg,1.0
141_93_28b8fdd4-04a8-11ee-a22b-845cf3264332.jpg,1.0
141_93_28efffbe-04a8-11ee-a22b-845cf3264332.jpg,0.003921568393707275
141_93_292c5ff4-04a8-11ee-a22b-845cf3264332.jpg,0.18431371450424194
141_93_29688e2a-04a8-11ee-a22b-845cf3264332.jpg,0.003921568393707275
141_93_299e447a-04a8-11ee-a22b-845cf3264332.jpg,1.0
141_93_29cb37a0-04a8-11ee-a22b-845cf3264332.jpg,0.003921568393707275
141_93_2a06117c-04a8-11ee-a22b-845cf3264332.jpg,0.003921568393707275
141_93_2a395bea-04a8-11ee-a22b-845cf3264332.jpg,1.0
141_93_2a6b9f24-04a8-11ee-a22b-845cf3264332.jpg,1.0
141_93_2aa44d60-04a8-11ee-a22b-845cf3264332.jpg,0.5372549295425415
141_93_2ad9ebfa-04a8-11ee-a22b-845cf3264332.jpg,1.0
141_93_2b0ee418-04a8-11ee-a22b-845cf3264332.jpg,0.003921568393707275
141_93_2b4aac14-04a8-11ee-a22b-845cf3264332.jpg,0.003921568393707275
141_93_2b7e9736-04a8-11ee-a22b-845cf3264332.jpg,1.0
141_93_2bae4490-04a8-11ee-a22b-845cf3264332.jpg,1.0
141_93_2be08c98-04a8-11ee-a22b-845cf3264332.jpg,1.0
141_93_2c158c72-04a8-11ee-a22b-845cf3264332.jpg,0.003921568393707275
141_93_2c58c550-04a8-11ee-a22b-845cf3264332.jpg,0.9372549057006836
141_93_2c896516-04a8-11ee-a22b-845cf3264332.jpg,1.0
141_93_2cbe7daa-04a8-11ee-a22b-845cf3264332.jpg,0.003921568393707275
141_93_2cec06c6-04a8-11ee-a22b-845cf3264332.jpg,-1.0
141_93_2d21cdba-04a8-11ee-a22b-845cf3264332.jpg,0.003921568393707275
141_93_2d5775fa-04a8-11ee-a22b-845cf3264332.jpg,0.003921568393707275
141_93_2d99c888-04a8-11ee-a22b-845cf3264332.jpg,-1.0
141_93_2dcd2a48-04a8-11ee-a22b-845cf3264332.jpg,0.003921568393707275
141_93_2df914c8-04a8-11ee-a22b-845cf3264332.jpg,0.003921568393707275
141_93_2e2f0308-04a8-11ee-a22b-845cf3264332.jpg,0.003921568393707275
141_93_2e66a79a-04a8-11ee-a22b-845cf3264332.jpg,0.003921568393707275
141_93_2ea15200-04a8-11ee-a22b-845cf3264332.jpg,0.003921568393707275
141_93_2ed1531a-04a8-11ee-a22b-845cf3264332.jpg,0.003921568393707275
141_93_2f052d70-04a8-11ee-a22b-845cf3264332.jpg,0.003921568393707275
141_93_2f3cfbba-04a8-11ee-a22b-845cf3264332.jpg,0.003921568393707275
141_93_2f724a9a-04a8-11ee-a22b-845cf3264332.jpg,0.003921568393707275
141_93_2fb83992-04a8-11ee-a22b-845cf3264332.jpg,-1.0
141_93_2fe51b60-04a8-11ee-a22b-845cf3264332.jpg,0.003921568393707275
141_93_30124e32-04a8-11ee-a22b-845cf3264332.jpg,0.003921568393707275
141_93_304a57dc-04a8-11ee-a22b-845cf3264332.jpg,0.003921568393707275
141_93_307dd2f6-04a8-11ee-a22b-845cf3264332.jpg,0.003921568393707275
141_93_30b885cc-04a8-11ee-a22b-845cf3264332.jpg,-1.0
141_93_30e8c6d8-04a8-11ee-a22b-845cf3264332.jpg,0.003921568393707275
141_93_3122917e-04a8-11ee-a22b-845cf3264332.jpg,1.0
141_93_315d5e6c-04a8-11ee-a22b-845cf3264332.jpg,0.003921568393707275
141_93_318d929e-04a8-11ee-a22b-845cf3264332.jpg,0.003921568393707275
141_93_31bfe758-04a8-11ee-a22b-845cf3264332.jpg,0.003921568393707275
141_93_31f549ac-04a8-11ee-a22b-845cf3264332.jpg,0.003921568393707275
141_93_322ce560-04a8-11ee-a22b-845cf3264332.jpg,0.003921568393707275
141_93_326d01f4-04a8-11ee-a22b-845cf3264332.jpg,1.0
141_93_329b2714-04a8-11ee-a22b-845cf3264332.jpg,1.0
141_93_32d24ce4-04a8-11ee-a22b-845cf3264332.jpg,0.003921568393707275
141_93_3302b442-04a8-11ee-a22b-845cf3264332.jpg,0.003921568393707275
141_93_3342ad36-04a8-11ee-a22b-845cf3264332.jpg,1.0
141_93_3375791e-04a8-11ee-a22b-845cf3264332.jpg,1.0
141_93_33a96670-04a8-11ee-a22b-845cf3264332.jpg,0.003921568393707275
141_93_33e3016e-04a8-11ee-a22b-845cf3264332.jpg,1.0
141_93_34189414-04a8-11ee-a22b-845cf3264332.jpg,1.0
141_93_344d19d2-04a8-11ee-a22b-845cf3264332.jpg,0.003921568393707275
141_93_348837e2-04a8-11ee-a22b-845cf3264332.jpg,0.6470588445663452
141_93_34bbd61a-04a8-11ee-a22b-845cf3264332.jpg,0.003921568393707275
141_93_34e67eec-04a8-11ee-a22b-845cf3264332.jpg,0.003921568393707275
141_93_3520e370-04a8-11ee-a22b-845cf3264332.jpg,0.10588234663009644
141_93_3562ae9a-04a8-11ee-a22b-845cf3264332.jpg,0.003921568393707275
141_93_35943988-04a8-11ee-a22b-845cf3264332.jpg,1.0
141_93_35c26e3e-04a8-11ee-a22b-845cf3264332.jpg,0.003921568393707275
141_93_35f9e832-04a8-11ee-a22b-845cf3264332.jpg,0.003921568393707275
141_93_3629d8a8-04a8-11ee-a22b-845cf3264332.jpg,0.003921568393707275
141_93_366509aa-04a8-11ee-a22b-845cf3264332.jpg,1.0
141_93_369e1146-04a8-11ee-a22b-845cf3264332.jpg,0.4901960492134094
141_93_36cc461a-04a8-11ee-a22b-845cf3264332.jpg,0.003921568393707275
141_93_370085a6-04a8-11ee-a22b-845cf3264332.jpg,0.003921568393707275
141_93_3737e3de-04a8-11ee-a22b-845cf3264332.jpg,0.003921568393707275
141_93_376bc41a-04a8-11ee-a22b-845cf3264332.jpg,0.003921568393707275
141_93_37a06f08-04a8-11ee-a22b-845cf3264332.jpg,0.003921568393707275
141_93_37d71e90-04a8-11ee-a22b-845cf3264332.jpg,0.003921568393707275
141_93_380f07b0-04a8-11ee-a22b-845cf3264332.jpg,-1.0
141_93_384b0eb8-04a8-11ee-a22b-845cf3264332.jpg,0.003921568393707275
141_93_3882dbe0-04a8-11ee-a22b-845cf3264332.jpg,-0.6000000238418579
141_93_38bdfd74-04a8-11ee-a22b-845cf3264332.jpg,0.003921568393707275
141_93_38e3ad9e-04a8-11ee-a22b-845cf3264332.jpg,0.003921568393707275
141_93_391925be-04a8-11ee-a22b-845cf3264332.jpg,0.003921568393707275
141_93_394ef3e2-04a8-11ee-a22b-845cf3264332.jpg,0.003921568393707275
141_93_3986dc8a-04a8-11ee-a22b-845cf3264332.jpg,0.003921568393707275
141_93_39ba88e6-04a8-11ee-a22b-845cf3264332.jpg,0.003921568393707275
141_93_39f13ce2-04a8-11ee-a22b-845cf3264332.jpg,0.003921568393707275
141_93_3a3a5cd8-04a8-11ee-a22b-845cf3264332.jpg,-1.0
141_93_3a646460-04a8-11ee-a22b-845cf3264332.jpg,0.003921568393707275
141_93_3a97b644-04a8-11ee-a22b-845cf3264332.jpg,0.003921568393707275
141_93_3ac81334-04a8-11ee-a22b-845cf3264332.jpg,0.003921568393707275
141_93_3b04fdee-04a8-11ee-a22b-845cf3264332.jpg,1.0
141_93_3b3e2e34-04a8-11ee-a22b-845cf3264332.jpg,0.003921568393707275
141_93_3b699bfa-04a8-11ee-a22b-845cf3264332.jpg,0.003921568393707275
141_93_3b9f30e4-04a8-11ee-a22b-845cf3264332.jpg,0.003921568393707275
141_93_3bdcb05e-04a8-11ee-a22b-845cf3264332.jpg,1.0
141_93_3c0c13bc-04a8-11ee-a22b-845cf3264332.jpg,0.003921568393707275
141_93_3c4d1a4c-04a8-11ee-a22b-845cf3264332.jpg,-0.30980396270751953
141_93_3c845b1a-04a8-11ee-a22b-845cf3264332.jpg,1.0
141_93_3cb2a042-04a8-11ee-a22b-845cf3264332.jpg,0.7019608020782471
141_93_3ce8c67c-04a8-11ee-a22b-845cf3264332.jpg,1.0
141_93_3d1ec9de-04a8-11ee-a22b-845cf3264332.jpg,1.0
141_93_3d5866d0-04a8-11ee-a22b-845cf3264332.jpg,0.003921568393707275
141_93_3d824676-04a8-11ee-a22b-845cf3264332.jpg,0.003921568393707275
141_93_3dc027d4-04a8-11ee-a22b-845cf3264332.jpg,1.0
141_93_3df3404c-04a8-11ee-a22b-845cf3264332.jpg,1.0
141_93_3e2ae65a-04a8-11ee-a22b-845cf3264332.jpg,0.3960784077644348
141_93_3e60c338-04a8-11ee-a22b-845cf3264332.jpg,1.0
141_93_3e9877e2-04a8-11ee-a22b-845cf3264332.jpg,0.003921568393707275
141_93_3ece39f4-04a8-11ee-a22b-845cf3264332.jpg,0.003921568393707275
141_93_3f04c424-04a8-11ee-a22b-845cf3264332.jpg,0.003921568393707275
141_93_3f3deab0-04a8-11ee-a22b-845cf3264332.jpg,0.003921568393707275
141_93_3f6de670-04a8-11ee-a22b-845cf3264332.jpg,0.6392157077789307
141_93_3fa37e98-04a8-11ee-a22b-845cf3264332.jpg,1.0
141_93_3fd24b9c-04a8-11ee-a22b-845cf3264332.jpg,1.0
141_93_4008d0ea-04a8-11ee-a22b-845cf3264332.jpg,0.003921568393707275
141_93_404b3b4c-04a8-11ee-a22b-845cf3264332.jpg,0.9529411792755127
141_93_407bd34c-04a8-11ee-a22b-845cf3264332.jpg,1.0
141_93_40b0c976-04a8-11ee-a22b-845cf3264332.jpg,0.003921568393707275
141_93_40edbf2a-04a8-11ee-a22b-845cf3264332.jpg,-1.0
141_93_411b32a2-04a8-11ee-a22b-845cf3264332.jpg,0.003921568393707275
141_93_414cda14-04a8-11ee-a22b-845cf3264332.jpg,0.003921568393707275
141_93_418ad6f2-04a8-11ee-a22b-845cf3264332.jpg,-1.0
141_93_41bde72c-04a8-11ee-a22b-845cf3264332.jpg,0.003921568393707275
141_93_41ec3ae6-04a8-11ee-a22b-845cf3264332.jpg,0.003921568393707275
141_93_422117de-04a8-11ee-a22b-845cf3264332.jpg,0.003921568393707275
141_93_4258ae1a-04a8-11ee-a22b-845cf3264332.jpg,0.003921568393707275
141_93_428d4b52-04a8-11ee-a22b-845cf3264332.jpg,0.003921568393707275
141_93_42c2df88-04a8-11ee-a22b-845cf3264332.jpg,0.003921568393707275
141_93_42f8a0aa-04a8-11ee-a22b-845cf3264332.jpg,0.003921568393707275
141_93_43357994-04a8-11ee-a22b-845cf3264332.jpg,0.003921568393707275
141_93_4365448a-04a8-11ee-a22b-845cf3264332.jpg,0.003921568393707275
141_93_4399d128-04a8-11ee-a22b-845cf3264332.jpg,0.003921568393707275
141_93_43d6f63e-04a8-11ee-a22b-845cf3264332.jpg,-1.0
141_93_44066612-04a8-11ee-a22b-845cf3264332.jpg,0.003921568393707275
141_93_443b90d0-04a8-11ee-a22b-845cf3264332.jpg,0.003921568393707275
141_93_4470c214-04a8-11ee-a22b-845cf3264332.jpg,0.003921568393707275
141_93_44a6894e-04a8-11ee-a22b-845cf3264332.jpg,0.003921568393707275
141_93_44dbe292-04a8-11ee-a22b-845cf3264332.jpg,0.003921568393707275
141_93_4524d132-04a8-11ee-a22b-845cf3264332.jpg,0.003921568393707275
141_93_454de23e-04a8-11ee-a22b-845cf3264332.jpg,0.003921568393707275
141_93_457d4790-04a8-11ee-a22b-845cf3264332.jpg,0.003921568393707275
141_93_45b782ac-04a8-11ee-a22b-845cf3264332.jpg,1.0
141_93_45ed1174-04a8-11ee-a22b-845cf3264332.jpg,0.003921568393707275
141_93_461fcae2-04a8-11ee-a22b-845cf3264332.jpg,0.003921568393707275
141_93_46620d62-04a8-11ee-a22b-845cf3264332.jpg,1.0
141_93_469121ec-04a8-11ee-a22b-845cf3264332.jpg,0.003921568393707275
141_93_46c1e200-04a8-11ee-a22b-845cf3264332.jpg,0.003921568393707275
141_93_46ff1166-04a8-11ee-a22b-845cf3264332.jpg,1.0
141_93_4736af54-04a8-11ee-a22b-845cf3264332.jpg,0.529411792755127
141_93_476c9f06-04a8-11ee-a22b-845cf3264332.jpg,0.003921568393707275
141_93_47981244-04a8-11ee-a22b-845cf3264332.jpg,0.003921568393707275
141_93_47cddf14-04a8-11ee-a22b-845cf3264332.jpg,0.003921568393707275
141_93_480a3f90-04a8-11ee-a22b-845cf3264332.jpg,1.0
141_93_484258ee-04a8-11ee-a22b-845cf3264332.jpg,0.003921568393707275
141_93_4875df2a-04a8-11ee-a22b-845cf3264332.jpg,0.13725489377975464
141_93_48ac7eea-04a8-11ee-a22b-845cf3264332.jpg,0.003921568393707275
141_93_48e50774-04a8-11ee-a22b-845cf3264332.jpg,1.0
141_93_49151126-04a8-11ee-a22b-845cf3264332.jpg,0.003921568393707275
141_93_494af778-04a8-11ee-a22b-845cf3264332.jpg,1.0
141_93_4982d68e-04a8-11ee-a22b-845cf3264332.jpg,0.003921568393707275
141_93_49b56612-04a8-11ee-a22b-845cf3264332.jpg,0.003921568393707275
141_93_49ed0b8a-04a8-11ee-a22b-845cf3264332.jpg,1.0
141_93_4a2be436-04a8-11ee-a22b-845cf3264332.jpg,1.0
141_93_4a58576e-04a8-11ee-a22b-845cf3264332.jpg,0.003921568393707275
141_93_4a8e4842-04a8-11ee-a22b-845cf3264332.jpg,0.003921568393707275
141_93_4ac69422-04a8-11ee-a22b-845cf3264332.jpg,0.5058823823928833
141_93_4afad034-04a8-11ee-a22b-845cf3264332.jpg,0.003921568393707275
141_93_4b2a3964-04a8-11ee-a22b-845cf3264332.jpg,0.003921568393707275
141_93_4b5e8be2-04a8-11ee-a22b-845cf3264332.jpg,0.003921568393707275
141_93_4b9db48e-04a8-11ee-a22b-845cf3264332.jpg,0.003921568393707275
141_93_4bcb2cca-04a8-11ee-a22b-845cf3264332.jpg,0.003921568393707275
141_93_4c06f25a-04a8-11ee-a22b-845cf3264332.jpg,-1.0
141_93_4c36a4c8-04a8-11ee-a22b-845cf3264332.jpg,0.003921568393707275
141_93_4c6b60dc-04a8-11ee-a22b-845cf3264332.jpg,0.003921568393707275
141_93_4cab7d5c-04a8-11ee-a22b-845cf3264332.jpg,0.003921568393707275
141_93_4cd631f0-04a8-11ee-a22b-845cf3264332.jpg,0.003921568393707275
141_93_4d0dff86-04a8-11ee-a22b-845cf3264332.jpg,0.003921568393707275
141_93_4d436586-04a8-11ee-a22b-845cf3264332.jpg,0.003921568393707275
141_93_4d8a5e32-04a8-11ee-a22b-845cf3264332.jpg,-1.0
141_93_4db41894-04a8-11ee-a22b-845cf3264332.jpg,0.003921568393707275
141_93_4de305fa-04a8-11ee-a22b-845cf3264332.jpg,0.003921568393707275
141_93_4e183590-04a8-11ee-a22b-845cf3264332.jpg,0.003921568393707275
141_93_4e4e0774-04a8-11ee-a22b-845cf3264332.jpg,0.003921568393707275
141_93_4e8bf87c-04a8-11ee-a22b-845cf3264332.jpg,-1.0
141_93_4ec15094-04a8-11ee-a22b-845cf3264332.jpg,0.003921568393707275
141_93_4ef0fe98-04a8-11ee-a22b-845cf3264332.jpg,0.003921568393707275
141_93_4f2698be-04a8-11ee-a22b-845cf3264332.jpg,0.003921568393707275
141_93_4f7282ec-04a8-11ee-a22b-845cf3264332.jpg,0.003921568393707275
141_93_4fa49ea8-04a8-11ee-a22b-845cf3264332.jpg,0.4117646813392639
141_93_4fcecb92-04a8-11ee-a22b-845cf3264332.jpg,0.003921568393707275
141_93_5005ada6-04a8-11ee-a22b-845cf3264332.jpg,1.0
141_93_5034cdc0-04a8-11ee-a22b-845cf3264332.jpg,1.0
141_93_506ca380-04a8-11ee-a22b-845cf3264332.jpg,0.003921568393707275
141_93_50a919aa-04a8-11ee-a22b-845cf3264332.jpg,0.04313725233078003
141_93_50dcb2ec-04a8-11ee-a22b-845cf3264332.jpg,0.003921568393707275
141_93_510982ae-04a8-11ee-a22b-845cf3264332.jpg,0.003921568393707275
141_93_514a6e54-04a8-11ee-a22b-845cf3264332.jpg,0.4745097756385803
141_93_517ccad4-04a8-11ee-a22b-845cf3264332.jpg,1.0
141_93_51b199ee-04a8-11ee-a22b-845cf3264332.jpg,0.003921568393707275
141_93_51e19c7a-04a8-11ee-a22b-845cf3264332.jpg,0.003921568393707275
141_93_521e541c-04a8-11ee-a22b-845cf3264332.jpg,1.0
141_93_52524a60-04a8-11ee-a22b-845cf3264332.jpg,0.5686274766921997
141_93_528754a8-04a8-11ee-a22b-845cf3264332.jpg,0.003921568393707275
141_93_52c3a160-04a8-11ee-a22b-845cf3264332.jpg,0.003921568393707275
141_93_52f897da-04a8-11ee-a22b-845cf3264332.jpg,1.0
141_93_53321c12-04a8-11ee-a22b-845cf3264332.jpg,0.05098038911819458
141_93_535fd3b4-04a8-11ee-a22b-845cf3264332.jpg,0.4117646813392639
141_93_5394efe0-04a8-11ee-a22b-845cf3264332.jpg,1.0
141_93_53cd32c4-04a8-11ee-a22b-845cf3264332.jpg,0.4901960492134094
141_93_53ff98ea-04a8-11ee-a22b-845cf3264332.jpg,1.0
141_93_54433dd4-04a8-11ee-a22b-845cf3264332.jpg,0.003921568393707275
141_93_546bd2ee-04a8-11ee-a22b-845cf3264332.jpg,1.0
141_93_54a0a4e2-04a8-11ee-a22b-845cf3264332.jpg,0.003921568393707275
141_93_54da516a-04a8-11ee-a22b-845cf3264332.jpg,-0.11372554302215576
141_93_550e7e04-04a8-11ee-a22b-845cf3264332.jpg,0.003921568393707275
141_93_55445f88-04a8-11ee-a22b-845cf3264332.jpg,0.003921568393707275
141_92_b7211d36-04a8-11ee-a22b-845cf3264332.jpg,0.003921568393707275
141_92_b7573ff6-04a8-11ee-a22b-845cf3264332.jpg,0.003921568393707275
141_92_b78b0e4e-04a8-11ee-a22b-845cf3264332.jpg,0.003921568393707275
141_92_b7c7b146-04a8-11ee-a22b-845cf3264332.jpg,0.003921568393707275
141_92_b80185e2-04a8-11ee-a22b-845cf3264332.jpg,-0.9529411792755127
141_92_b82a6908-04a8-11ee-a22b-845cf3264332.jpg,-1.0
141_92_b863c9be-04a8-11ee-a22b-845cf3264332.jpg,0.003921568393707275
141_92_b8957e8c-04a8-11ee-a22b-845cf3264332.jpg,0.003921568393707275
141_92_b8d80bda-04a8-11ee-a22b-845cf3264332.jpg,-1.0
141_92_b9101926-04a8-11ee-a22b-845cf3264332.jpg,-0.4745098352432251
141_92_b93c1314-04a8-11ee-a22b-845cf3264332.jpg,0.003921568393707275
141_92_b976b398-04a8-11ee-a22b-845cf3264332.jpg,-0.11372554302215576
141_92_b9a9efc4-04a8-11ee-a22b-845cf3264332.jpg,-1.0
141_92_b9dfff7e-04a8-11ee-a22b-845cf3264332.jpg,0.003921568393707275
141_92_ba15ebc0-04a8-11ee-a22b-845cf3264332.jpg,0.529411792755127
141_92_ba44044c-04a8-11ee-a22b-845cf3264332.jpg,0.003921568393707275
141_92_ba850294-04a8-11ee-a22b-845cf3264332.jpg,-1.0
141_92_bab9f396-04a8-11ee-a22b-845cf3264332.jpg,0.003921568393707275
141_92_baef1ae4-04a8-11ee-a22b-845cf3264332.jpg,0.003921568393707275
141_92_bb1af5b0-04a8-11ee-a22b-845cf3264332.jpg,0.003921568393707275
141_92_bb522daa-04a8-11ee-a22b-845cf3264332.jpg,0.003921568393707275
141_92_bb8bffb2-04a8-11ee-a22b-845cf3264332.jpg,0.003921568393707275
141_92_bbc7be30-04a8-11ee-a22b-845cf3264332.jpg,-0.12156867980957031
141_92_bbfb8f6c-04a8-11ee-a22b-845cf3264332.jpg,-1.0
141_92_bc2e7760-04a8-11ee-a22b-845cf3264332.jpg,-1.0
141_92_bc6254ea-04a8-11ee-a22b-845cf3264332.jpg,0.003921568393707275
141_92_bc989bea-04a8-11ee-a22b-845cf3264332.jpg,0.003921568393707275
141_92_bcd3343a-04a8-11ee-a22b-845cf3264332.jpg,-0.615686297416687
141_92_bcfea82c-04a8-11ee-a22b-845cf3264332.jpg,-1.0
141_92_bd357186-04a8-11ee-a22b-845cf3264332.jpg,-1.0
141_92_bd6b8f96-04a8-11ee-a22b-845cf3264332.jpg,-1.0
141_92_bda2da64-04a8-11ee-a22b-845cf3264332.jpg,-1.0
141_92_bdd8537e-04a8-11ee-a22b-845cf3264332.jpg,-1.0
141_92_be0fd538-04a8-11ee-a22b-845cf3264332.jpg,-1.0
141_92_be451a68-04a8-11ee-a22b-845cf3264332.jpg,-1.0
141_92_be782eb2-04a8-11ee-a22b-845cf3264332.jpg,-1.0
141_92_beb03316-04a8-11ee-a22b-845cf3264332.jpg,-1.0
141_92_bee52616-04a8-11ee-a22b-845cf3264332.jpg,-1.0
141_92_bf18ecb2-04a8-11ee-a22b-845cf3264332.jpg,-1.0
141_92_bf505a3a-04a8-11ee-a22b-845cf3264332.jpg,-1.0
141_92_bf84b758-04a8-11ee-a22b-845cf3264332.jpg,-1.0
141_92_bfba84d2-04a8-11ee-a22b-845cf3264332.jpg,-1.0
141_92_bff38b2e-04a8-11ee-a22b-845cf3264332.jpg,-1.0
141_92_c02d760e-04a8-11ee-a22b-845cf3264332.jpg,0.003921568393707275
141_92_c068568e-04a8-11ee-a22b-845cf3264332.jpg,-1.0
141_92_c09b01ce-04a8-11ee-a22b-845cf3264332.jpg,-1.0
141_92_c0cf57da-04a8-11ee-a22b-845cf3264332.jpg,0.003921568393707275
141_92_c103966c-04a8-11ee-a22b-845cf3264332.jpg,-1.0
141_92_c1330b18-04a8-11ee-a22b-845cf3264332.jpg,-1.0
141_92_c169ff4c-04a8-11ee-a22b-845cf3264332.jpg,-1.0
141_92_c1a36a5c-04a8-11ee-a22b-845cf3264332.jpg,-1.0
141_92_c1d45fcc-04a8-11ee-a22b-845cf3264332.jpg,0.003921568393707275
141_92_c209149c-04a8-11ee-a22b-845cf3264332.jpg,0.003921568393707275
141_92_c2427f5c-04a8-11ee-a22b-845cf3264332.jpg,-1.0
141_92_c285e882-04a8-11ee-a22b-845cf3264332.jpg,0.003921568393707275
141_92_c2b20390-04a8-11ee-a22b-845cf3264332.jpg,-1.0
141_92_c2e42d7a-04a8-11ee-a22b-845cf3264332.jpg,0.003921568393707275
141_92_c31d4b6e-04a8-11ee-a22b-845cf3264332.jpg,1.0
141_92_c35529a8-04a8-11ee-a22b-845cf3264332.jpg,0.003921568393707275
141_92_c38d18fe-04a8-11ee-a22b-845cf3264332.jpg,-0.3647059202194214
141_92_c3c16a8c-04a8-11ee-a22b-845cf3264332.jpg,0.003921568393707275
141_92_c3f1a8d2-04a8-11ee-a22b-845cf3264332.jpg,0.003921568393707275
141_92_c42788b2-04a8-11ee-a22b-845cf3264332.jpg,-1.0
141_92_c4626df6-04a8-11ee-a22b-845cf3264332.jpg,-0.9921568632125854
141_92_c4927c62-04a8-11ee-a22b-845cf3264332.jpg,0.003921568393707275
141_92_c4ca6f1e-04a8-11ee-a22b-845cf3264332.jpg,0.003921568393707275
141_92_c4f93d26-04a8-11ee-a22b-845cf3264332.jpg,0.003921568393707275
141_92_c52ec09a-04a8-11ee-a22b-845cf3264332.jpg,0.003921568393707275
141_92_c565a452-04a8-11ee-a22b-845cf3264332.jpg,0.003921568393707275
141_92_c59dc4a4-04a8-11ee-a22b-845cf3264332.jpg,0.003921568393707275
141_92_c5ceeab6-04a8-11ee-a22b-845cf3264332.jpg,0.003921568393707275
141_92_c604377a-04a8-11ee-a22b-845cf3264332.jpg,0.003921568393707275
141_92_c63ef2e8-04a8-11ee-a22b-845cf3264332.jpg,0.003921568393707275
141_92_c684122e-04a8-11ee-a22b-845cf3264332.jpg,-0.12941181659698486
141_92_c6b0e696-04a8-11ee-a22b-845cf3264332.jpg,-1.0
141_92_c6e2b82e-04a8-11ee-a22b-845cf3264332.jpg,0.003921568393707275
141_92_c714240e-04a8-11ee-a22b-845cf3264332.jpg,-1.0
141_92_c7476be8-04a8-11ee-a22b-845cf3264332.jpg,-1.0
141_92_c77d83fe-04a8-11ee-a22b-845cf3264332.jpg,-1.0
141_92_c7b22f14-04a8-11ee-a22b-845cf3264332.jpg,-1.0
141_92_c7e7879a-04a8-11ee-a22b-845cf3264332.jpg,-1.0
141_92_c81ce35e-04a8-11ee-a22b-845cf3264332.jpg,-1.0
141_92_c8527028-04a8-11ee-a22b-845cf3264332.jpg,-1.0
141_92_c8896a7e-04a8-11ee-a22b-845cf3264332.jpg,-1.0
141_92_c8bf650c-04a8-11ee-a22b-845cf3264332.jpg,-1.0
141_92_c8f32478-04a8-11ee-a22b-845cf3264332.jpg,-1.0
141_92_c92a7888-04a8-11ee-a22b-845cf3264332.jpg,-1.0
141_92_c95ef04a-04a8-11ee-a22b-845cf3264332.jpg,-1.0
141_92_c9955f36-04a8-11ee-a22b-845cf3264332.jpg,-1.0
141_92_c9cce7c6-04a8-11ee-a22b-845cf3264332.jpg,-1.0
141_92_ca0280f2-04a8-11ee-a22b-845cf3264332.jpg,-1.0
141_92_ca3bbf84-04a8-11ee-a22b-845cf3264332.jpg,-1.0
141_92_ca6ca3c4-04a8-11ee-a22b-845cf3264332.jpg,-1.0
141_92_caa34636-04a8-11ee-a22b-845cf3264332.jpg,-1.0
141_92_cad831d4-04a8-11ee-a22b-845cf3264332.jpg,-1.0
141_92_cb0cf98c-04a8-11ee-a22b-845cf3264332.jpg,0.003921568393707275
141_92_cb42b8ba-04a8-11ee-a22b-845cf3264332.jpg,0.003921568393707275
141_92_cb7bb67e-04a8-11ee-a22b-845cf3264332.jpg,-1.0
141_92_cbaddef6-04a8-11ee-a22b-845cf3264332.jpg,-1.0
141_92_cbe39492-04a8-11ee-a22b-845cf3264332.jpg,-1.0
141_92_cc1acb24-04a8-11ee-a22b-845cf3264332.jpg,0.003921568393707275
141_92_cc538d24-04a8-11ee-a22b-845cf3264332.jpg,0.003921568393707275
141_92_cc983b86-04a8-11ee-a22b-845cf3264332.jpg,-1.0
141_92_ccc0b96c-04a8-11ee-a22b-845cf3264332.jpg,-1.0
141_92_ccf9097a-04a8-11ee-a22b-845cf3264332.jpg,0.003921568393707275
141_92_cd31b0b8-04a8-11ee-a22b-845cf3264332.jpg,0.003921568393707275
141_92_cd71d81e-04a8-11ee-a22b-845cf3264332.jpg,-0.37254905700683594
141_92_cda41c5c-04a8-11ee-a22b-845cf3264332.jpg,0.003921568393707275
141_92_cdcd8e16-04a8-11ee-a22b-845cf3264332.jpg,0.003921568393707275
141_92_ce0d2076-04a8-11ee-a22b-845cf3264332.jpg,-1.0
141_92_ce42eeea-04a8-11ee-a22b-845cf3264332.jpg,0.003921568393707275
141_92_ce6fcdac-04a8-11ee-a22b-845cf3264332.jpg,0.003921568393707275
141_92_cea5fe40-04a8-11ee-a22b-845cf3264332.jpg,0.003921568393707275
141_92_ceda528a-04a8-11ee-a22b-845cf3264332.jpg,0.003921568393707275
141_92_cf109354-04a8-11ee-a22b-845cf3264332.jpg,0.003921568393707275
141_92_cf4d9916-04a8-11ee-a22b-845cf3264332.jpg,0.003921568393707275
141_92_cf8ad056-04a8-11ee-a22b-845cf3264332.jpg,0.003921568393707275
141_92_cfbbe402-04a8-11ee-a22b-845cf3264332.jpg,-0.45098042488098145
141_92_cfee842a-04a8-11ee-a22b-845cf3264332.jpg,-0.06666672229766846
141_92_d021551c-04a8-11ee-a22b-845cf3264332.jpg,0.003921568393707275
141_92_d06512b6-04a8-11ee-a22b-845cf3264332.jpg,-0.24705886840820312
141_92_d091e502-04a8-11ee-a22b-845cf3264332.jpg,-1.0
141_92_d0c46220-04a8-11ee-a22b-845cf3264332.jpg,0.003921568393707275
141_92_d1078f14-04a8-11ee-a22b-845cf3264332.jpg,0.003921568393707275
141_92_d1365da8-04a8-11ee-a22b-845cf3264332.jpg,-0.3803921937942505
141_92_d16cdf72-04a8-11ee-a22b-845cf3264332.jpg,-1.0
141_92_d1a66bfc-04a8-11ee-a22b-845cf3264332.jpg,0.003921568393707275
141_92_d1d252d0-04a8-11ee-a22b-845cf3264332.jpg,-1.0
141_92_d201f774-04a8-11ee-a22b-845cf3264332.jpg,-1.0
141_92_d2373a88-04a8-11ee-a22b-845cf3264332.jpg,-1.0
141_92_d26cf88a-04a8-11ee-a22b-845cf3264332.jpg,-1.0
141_92_d2a3fa6a-04a8-11ee-a22b-845cf3264332.jpg,-1.0
141_92_d2d82e2a-04a8-11ee-a22b-845cf3264332.jpg,-1.0
141_92_d30ed3a8-04a8-11ee-a22b-845cf3264332.jpg,-1.0
141_92_d344fa8c-04a8-11ee-a22b-845cf3264332.jpg,-1.0
141_92_d379afb6-04a8-11ee-a22b-845cf3264332.jpg,-1.0
141_92_d3aeadce-04a8-11ee-a22b-845cf3264332.jpg,-1.0
141_92_d3e59e7e-04a8-11ee-a22b-845cf3264332.jpg,-1.0
141_92_d41fc626-04a8-11ee-a22b-845cf3264332.jpg,-1.0
141_92_d451d81e-04a8-11ee-a22b-845cf3264332.jpg,-1.0
141_92_d486bfc0-04a8-11ee-a22b-845cf3264332.jpg,-1.0
141_92_d4bb3ea8-04a8-11ee-a22b-845cf3264332.jpg,-1.0
141_92_d4f6204a-04a8-11ee-a22b-845cf3264332.jpg,-1.0
141_92_d527a5fc-04a8-11ee-a22b-845cf3264332.jpg,-1.0
141_92_d55d2f56-04a8-11ee-a22b-845cf3264332.jpg,-1.0
141_92_d59296b4-04a8-11ee-a22b-845cf3264332.jpg,0.003921568393707275
141_92_d5cd65a0-04a8-11ee-a22b-845cf3264332.jpg,-1.0
141_92_d5fdf6de-04a8-11ee-a22b-845cf3264332.jpg,-1.0
141_92_d63f4242-04a8-11ee-a22b-845cf3264332.jpg,0.003921568393707275
141_92_d66bb14c-04a8-11ee-a22b-845cf3264332.jpg,0.003921568393707275
141_92_d69e2352-04a8-11ee-a22b-845cf3264332.jpg,0.003921568393707275
141_92_d6d5b9b6-04a8-11ee-a22b-845cf3264332.jpg,0.003921568393707275
141_92_d716530e-04a8-11ee-a22b-845cf3264332.jpg,-1.0
141_92_d7478906-04a8-11ee-a22b-845cf3264332.jpg,0.003921568393707275
141_92_d7763c2e-04a8-11ee-a22b-845cf3264332.jpg,0.003921568393707275
141_92_d7ac90b2-04a8-11ee-a22b-845cf3264332.jpg,0.003921568393707275
141_92_d7e23fbe-04a8-11ee-a22b-845cf3264332.jpg,0.003921568393707275
141_92_d8255920-04a8-11ee-a22b-845cf3264332.jpg,-0.2549020051956177
141_92_d854f946-04a8-11ee-a22b-845cf3264332.jpg,0.003921568393707275
141_92_d88c0fd0-04a8-11ee-a22b-845cf3264332.jpg,-1.0
141_92_d8c37326-04a8-11ee-a22b-845cf3264332.jpg,-0.7882353067398071
141_92_d8f11862-04a8-11ee-a22b-845cf3264332.jpg,0.003921568393707275
141_92_d9247694-04a8-11ee-a22b-845cf3264332.jpg,0.003921568393707275
141_92_d95abd3a-04a8-11ee-a22b-845cf3264332.jpg,0.003921568393707275
141_92_d9907088-04a8-11ee-a22b-845cf3264332.jpg,0.003921568393707275
141_92_d9c56b1c-04a8-11ee-a22b-845cf3264332.jpg,0.003921568393707275
141_92_d9fbde36-04a8-11ee-a22b-845cf3264332.jpg,0.003921568393707275
141_92_da3c7694-04a8-11ee-a22b-845cf3264332.jpg,-0.11372554302215576
141_92_da6edee0-04a8-11ee-a22b-845cf3264332.jpg,-1.0
141_92_daa447ba-04a8-11ee-a22b-845cf3264332.jpg,0.003921568393707275
141_92_dadb78de-04a8-11ee-a22b-845cf3264332.jpg,0.003921568393707275
141_92_db15400a-04a8-11ee-a22b-845cf3264332.jpg,-0.45098042488098145
141_92_db46e16e-04a8-11ee-a22b-845cf3264332.jpg,-1.0
141_92_db7d5da2-04a8-11ee-a22b-845cf3264332.jpg,-1.0
141_92_dbaa2cec-04a8-11ee-a22b-845cf3264332.jpg,-1.0
141_92_dbe1c86e-04a8-11ee-a22b-845cf3264332.jpg,-1.0
141_92_dc21408e-04a8-11ee-a22b-845cf3264332.jpg,-0.4274510145187378
141_92_dc56c5f6-04a8-11ee-a22b-845cf3264332.jpg,0.003921568393707275
141_92_dc84d69e-04a8-11ee-a22b-845cf3264332.jpg,-1.0
141_92_dcb937e0-04a8-11ee-a22b-845cf3264332.jpg,-1.0
141_92_dcec5dfa-04a8-11ee-a22b-845cf3264332.jpg,-1.0
141_92_dd2446f2-04a8-11ee-a22b-845cf3264332.jpg,-1.0
141_92_dd58dc00-04a8-11ee-a22b-845cf3264332.jpg,-1.0
141_92_dd8e4eee-04a8-11ee-a22b-845cf3264332.jpg,-1.0
141_92_ddc383c0-04a8-11ee-a22b-845cf3264332.jpg,-1.0
141_92_ddfab444-04a8-11ee-a22b-845cf3264332.jpg,-1.0
141_92_de3400a0-04a8-11ee-a22b-845cf3264332.jpg,-1.0
141_92_de667328-04a8-11ee-a22b-845cf3264332.jpg,-1.0
141_92_de9f29d4-04a8-11ee-a22b-845cf3264332.jpg,-1.0
141_92_ded43638-04a8-11ee-a22b-845cf3264332.jpg,-1.0
141_92_df080652-04a8-11ee-a22b-845cf3264332.jpg,-1.0
141_92_df3c2144-04a8-11ee-a22b-845cf3264332.jpg,-1.0
141_92_df715f30-04a8-11ee-a22b-845cf3264332.jpg,-1.0
141_92_dfa83e4c-04a8-11ee-a22b-845cf3264332.jpg,0.003921568393707275
141_92_dfe47b3c-04a8-11ee-a22b-845cf3264332.jpg,-1.0
141_92_e014d0ca-04a8-11ee-a22b-845cf3264332.jpg,-1.0
141_92_e050765c-04a8-11ee-a22b-845cf3264332.jpg,-1.0
141_92_e07f397e-04a8-11ee-a22b-845cf3264332.jpg,-1.0
141_92_e0b9ed94-04a8-11ee-a22b-845cf3264332.jpg,0.003921568393707275
141_92_e0ec2462-04a8-11ee-a22b-845cf3264332.jpg,0.003921568393707275
141_92_e11fe414-04a8-11ee-a22b-845cf3264332.jpg,0.003921568393707275
141_92_e156f9c2-04a8-11ee-a22b-845cf3264332.jpg,0.003921568393707275
141_92_e18bfdde-04a8-11ee-a22b-845cf3264332.jpg,0.003921568393707275
141_92_e1c5cadc-04a8-11ee-a22b-845cf3264332.jpg,-1.0
141_92_e2018400-04a8-11ee-a22b-845cf3264332.jpg,-0.8823529481887817
141_92_e235ae1a-04a8-11ee-a22b-845cf3264332.jpg,0.003921568393707275
141_92_e26883a8-04a8-11ee-a22b-845cf3264332.jpg,0.06666666269302368
141_92_e2a036f4-04a8-11ee-a22b-845cf3264332.jpg,0.003921568393707275
141_92_e2cf4520-04a8-11ee-a22b-845cf3264332.jpg,0.003921568393707275
141_92_e30a1a56-04a8-11ee-a22b-845cf3264332.jpg,0.003921568393707275
141_92_e33dc914-04a8-11ee-a22b-845cf3264332.jpg,0.003921568393707275
141_92_e3707da0-04a8-11ee-a22b-845cf3264332.jpg,0.003921568393707275
141_92_e3a60074-04a8-11ee-a22b-845cf3264332.jpg,0.003921568393707275
141_92_e3e20ec0-04a8-11ee-a22b-845cf3264332.jpg,-1.0
141_92_e41b58d8-04a8-11ee-a22b-845cf3264332.jpg,0.003921568393707275
141_92_e44ac10e-04a8-11ee-a22b-845cf3264332.jpg,0.003921568393707275
141_92_e47d7b26-04a8-11ee-a22b-845cf3264332.jpg,0.003921568393707275
141_92_e4b2fc42-04a8-11ee-a22b-845cf3264332.jpg,0.003921568393707275
141_92_e4f11ffe-04a8-11ee-a22b-845cf3264332.jpg,-1.0
141_92_e5284344-04a8-11ee-a22b-845cf3264332.jpg,0.003921568393707275
141_92_e55f2fe4-04a8-11ee-a22b-845cf3264332.jpg,0.003921568393707275
141_92_e5973af6-04a8-11ee-a22b-845cf3264332.jpg,-1.0
141_92_e5c03262-04a8-11ee-a22b-845cf3264332.jpg,-1.0
141_92_e5f4e264-04a8-11ee-a22b-845cf3264332.jpg,-1.0
141_92_e6302ef0-04a8-11ee-a22b-845cf3264332.jpg,-1.0
141_92_e6678602-04a8-11ee-a22b-845cf3264332.jpg,-1.0
141_92_e6958d22-04a8-11ee-a22b-845cf3264332.jpg,-1.0
141_92_e6cd6bd4-04a8-11ee-a22b-845cf3264332.jpg,-1.0
141_92_e7040068-04a8-11ee-a22b-845cf3264332.jpg,-1.0
141_92_e7386362-04a8-11ee-a22b-845cf3264332.jpg,-1.0
141_92_e76dee7e-04a8-11ee-a22b-845cf3264332.jpg,-1.0
141_92_e7a2ff88-04a8-11ee-a22b-845cf3264332.jpg,-1.0
141_92_e7d89f6c-04a8-11ee-a22b-845cf3264332.jpg,-1.0
141_92_e81150be-04a8-11ee-a22b-845cf3264332.jpg,-1.0
141_92_e8439e20-04a8-11ee-a22b-845cf3264332.jpg,-1.0
141_92_e8792cde-04a8-11ee-a22b-845cf3264332.jpg,-1.0
141_92_e8ae11e2-04a8-11ee-a22b-845cf3264332.jpg,-1.0
141_92_e8e4f7e8-04a8-11ee-a22b-845cf3264332.jpg,-1.0
141_92_e91efde4-04a8-11ee-a22b-845cf3264332.jpg,-1.0
141_92_e9519934-04a8-11ee-a22b-845cf3264332.jpg,-1.0
141_92_e98610a6-04a8-11ee-a22b-845cf3264332.jpg,0.003921568393707275
141_92_e9c133f2-04a8-11ee-a22b-845cf3264332.jpg,-1.0
141_92_e9f5778e-04a8-11ee-a22b-845cf3264332.jpg,-1.0
141_92_ea2f8c3a-04a8-11ee-a22b-845cf3264332.jpg,0.003921568393707275
141_92_ea647db4-04a8-11ee-a22b-845cf3264332.jpg,-0.35686278343200684
141_92_ea98f292-04a8-11ee-a22b-845cf3264332.jpg,-1.0
141_92_eac9a108-04a8-11ee-a22b-845cf3264332.jpg,0.003921568393707275
141_92_eb02ac6e-04a8-11ee-a22b-845cf3264332.jpg,0.003921568393707275
141_92_eb3c8286-04a8-11ee-a22b-845cf3264332.jpg,-0.10588240623474121
141_92_eb7c24e0-04a8-11ee-a22b-845cf3264332.jpg,-1.0
141_92_eba1acc4-04a8-11ee-a22b-845cf3264332.jpg,0.003921568393707275
141_92_ebd7129c-04a8-11ee-a22b-845cf3264332.jpg,0.003921568393707275
141_92_ec0f32d0-04a8-11ee-a22b-845cf3264332.jpg,0.003921568393707275
141_92_ec41ebe4-04a8-11ee-a22b-845cf3264332.jpg,0.003921568393707275
141_92_ec77b922-04a8-11ee-a22b-845cf3264332.jpg,0.003921568393707275
141_92_ecab4f1c-04a8-11ee-a22b-845cf3264332.jpg,0.003921568393707275
141_92_ece3727a-04a8-11ee-a22b-845cf3264332.jpg,0.003921568393707275
141_92_ed21b684-04a8-11ee-a22b-845cf3264332.jpg,-0.2705882787704468
141_92_ed554b66-04a8-11ee-a22b-845cf3264332.jpg,-1.0
141_92_ed85ca02-04a8-11ee-a22b-845cf3264332.jpg,0.003921568393707275
141_92_edbc7b88-04a8-11ee-a22b-845cf3264332.jpg,0.003921568393707275
141_92_edf93974-04a8-11ee-a22b-845cf3264332.jpg,0.003921568393707275
141_92_ee2c235c-04a8-11ee-a22b-845cf3264332.jpg,0.003921568393707275
141_92_ee670ec2-04a8-11ee-a22b-845cf3264332.jpg,-0.12156867980957031
141_92_ee9f4b3e-04a8-11ee-a22b-845cf3264332.jpg,-1.0
141_92_eec8d85a-04a8-11ee-a22b-845cf3264332.jpg,0.003921568393707275
141_92_ef075468-04a8-11ee-a22b-845cf3264332.jpg,0.003921568393707275
141_92_ef3d829a-04a8-11ee-a22b-845cf3264332.jpg,-0.7254902124404907
141_92_ef759874-04a8-11ee-a22b-845cf3264332.jpg,-0.16862750053405762
141_92_efa641ea-04a8-11ee-a22b-845cf3264332.jpg,0.003921568393707275
141_92_efe2fd88-04a8-11ee-a22b-845cf3264332.jpg,-1.0
141_92_f01121cc-04a8-11ee-a22b-845cf3264332.jpg,-1.0
141_92_f04583cc-04a8-11ee-a22b-845cf3264332.jpg,-1.0
141_92_f079a3d2-04a8-11ee-a22b-845cf3264332.jpg,-1.0
141_92_f0ad9c96-04a8-11ee-a22b-845cf3264332.jpg,-1.0
141_92_f0e52486-04a8-11ee-a22b-845cf3264332.jpg,-1.0
141_92_f11a8b4e-04a8-11ee-a22b-845cf3264332.jpg,-1.0
141_92_f1500fc6-04a8-11ee-a22b-845cf3264332.jpg,-1.0
141_92_f18521c0-04a8-11ee-a22b-845cf3264332.jpg,-1.0
141_92_f1bac19a-04a8-11ee-a22b-845cf3264332.jpg,-1.0
141_92_f1eff356-04a8-11ee-a22b-845cf3264332.jpg,-1.0
141_92_f225aca8-04a8-11ee-a22b-845cf3264332.jpg,-1.0
141_92_f25b7ea0-04a8-11ee-a22b-845cf3264332.jpg,-1.0
141_92_f290b692-04a8-11ee-a22b-845cf3264332.jpg,-1.0
141_92_f2cb994c-04a8-11ee-a22b-845cf3264332.jpg,-1.0
141_92_f2fe32ee-04a8-11ee-a22b-845cf3264332.jpg,-1.0
141_92_f33317c0-04a8-11ee-a22b-845cf3264332.jpg,-1.0
141_92_f36d6b8c-04a8-11ee-a22b-845cf3264332.jpg,0.003921568393707275
141_92_f39d54aa-04a8-11ee-a22b-845cf3264332.jpg,0.003921568393707275
141_92_f3e80536-04a8-11ee-a22b-845cf3264332.jpg,-0.7411764860153198
141_92_f413eade-04a8-11ee-a22b-845cf3264332.jpg,-1.0
141_92_f448bc64-04a8-11ee-a22b-845cf3264332.jpg,0.003921568393707275
141_92_f4761448-04a8-11ee-a22b-845cf3264332.jpg,-1.0
141_92_f4aad7e6-04a8-11ee-a22b-845cf3264332.jpg,-1.0
141_92_f4df9486-04a8-11ee-a22b-845cf3264332.jpg,-1.0
141_92_f51e7412-04a8-11ee-a22b-845cf3264332.jpg,0.003921568393707275
141_92_f54db56a-04a8-11ee-a22b-845cf3264332.jpg,0.003921568393707275
141_92_f58c8f06-04a8-11ee-a22b-845cf3264332.jpg,-0.38823533058166504
141_92_f5c7dbb0-04a8-11ee-a22b-845cf3264332.jpg,0.003921568393707275
141_92_f5f76e66-04a8-11ee-a22b-845cf3264332.jpg,0.003921568393707275
141_92_f623995a-04a8-11ee-a22b-845cf3264332.jpg,0.003921568393707275
141_92_f658e204-04a8-11ee-a22b-845cf3264332.jpg,0.003921568393707275
141_92_f68e62e4-04a8-11ee-a22b-845cf3264332.jpg,0.003921568393707275
141_92_f6c9a8f4-04a8-11ee-a22b-845cf3264332.jpg,0.003921568393707275
141_92_f6fa6a0c-04a8-11ee-a22b-845cf3264332.jpg,0.003921568393707275
141_92_f7311b38-04a8-11ee-a22b-845cf3264332.jpg,0.003921568393707275
141_92_f7663638-04a8-11ee-a22b-845cf3264332.jpg,0.003921568393707275
141_92_f7a4de24-04a8-11ee-a22b-845cf3264332.jpg,-1.0
141_92_f7dbe63a-04a8-11ee-a22b-845cf3264332.jpg,0.003921568393707275
141_92_f80f8670-04a8-11ee-a22b-845cf3264332.jpg,0.003921568393707275
141_92_f83e677e-04a8-11ee-a22b-845cf3264332.jpg,0.003921568393707275
141_92_f8733148-04a8-11ee-a22b-845cf3264332.jpg,0.003921568393707275
141_92_f8ad4874-04a8-11ee-a22b-845cf3264332.jpg,0.003921568393707275
141_92_f8deea46-04a8-11ee-a22b-845cf3264332.jpg,0.003921568393707275
141_92_f913e57a-04a8-11ee-a22b-845cf3264332.jpg,0.003921568393707275
141_92_f94d284e-04a8-11ee-a22b-845cf3264332.jpg,-1.0
141_92_f97f7e52-04a8-11ee-a22b-845cf3264332.jpg,0.003921568393707275
141_92_f9bd4aca-04a8-11ee-a22b-845cf3264332.jpg,-1.0
141_92_f9fbc250-04a8-11ee-a22b-845cf3264332.jpg,-1.0
141_92_fa1fe50e-04a8-11ee-a22b-845cf3264332.jpg,-1.0
141_92_fa5730ea-04a8-11ee-a22b-845cf3264332.jpg,-1.0
141_92_fa8c1cce-04a8-11ee-a22b-845cf3264332.jpg,-1.0
141_92_fac35018-04a8-11ee-a22b-845cf3264332.jpg,-1.0
141_92_faf98e6c-04a8-11ee-a22b-845cf3264332.jpg,-1.0
141_92_fb2f4a70-04a8-11ee-a22b-845cf3264332.jpg,-1.0
141_92_fb62d6c4-04a8-11ee-a22b-845cf3264332.jpg,-1.0
141_92_fb9a4b04-04a8-11ee-a22b-845cf3264332.jpg,-1.0
141_92_fbcf15e6-04a8-11ee-a22b-845cf3264332.jpg,-1.0
141_92_fc058518-04a8-11ee-a22b-845cf3264332.jpg,-1.0
141_92_fc39ea60-04a8-11ee-a22b-845cf3264332.jpg,-1.0
141_92_fc708f5c-04a8-11ee-a22b-845cf3264332.jpg,-1.0
141_92_fca616d6-04a8-11ee-a22b-845cf3264332.jpg,-1.0
141_92_fcdb9b94-04a8-11ee-a22b-845cf3264332.jpg,-1.0
141_92_fd1a5fd2-04a8-11ee-a22b-845cf3264332.jpg,0.003921568393707275
141_92_fd4d62a6-04a8-11ee-a22b-845cf3264332.jpg,-1.0
141_92_fd7d8080-04a8-11ee-a22b-845cf3264332.jpg,-1.0
141_92_fdb38db0-04a8-11ee-a22b-845cf3264332.jpg,-1.0
141_92_fdf7bbd4-04a8-11ee-a22b-845cf3264332.jpg,0.003921568393707275
141_92_fe260822-04a8-11ee-a22b-845cf3264332.jpg,-0.12156867980957031
141_92_fe5419ba-04a8-11ee-a22b-845cf3264332.jpg,-1.0
141_92_fe88fc70-04a8-11ee-a22b-845cf3264332.jpg,-1.0
141_92_fec40856-04a8-11ee-a22b-845cf3264332.jpg,-1.0
141_92_fef58c6e-04a8-11ee-a22b-845cf3264332.jpg,-1.0
141_92_ff2acda2-04a8-11ee-a22b-845cf3264332.jpg,-1.0
141_92_ff612488-04a8-11ee-a22b-845cf3264332.jpg,0.003921568393707275
141_92_ff964406-04a8-11ee-a22b-845cf3264332.jpg,0.003921568393707275
141_92_ffcc0096-04a8-11ee-a22b-845cf3264332.jpg,0.003921568393707275
141_92_00012334-04a9-11ee-a22b-845cf3264332.jpg,0.003921568393707275
141_92_00365c48-04a9-11ee-a22b-845cf3264332.jpg,0.003921568393707275
141_92_006d86d2-04a9-11ee-a22b-845cf3264332.jpg,0.003921568393707275
141_92_00a461b6-04a9-11ee-a22b-845cf3264332.jpg,0.003921568393707275
141_92_00d8a426-04a9-11ee-a22b-845cf3264332.jpg,0.003921568393707275
141_92_011d9a36-04a9-11ee-a22b-845cf3264332.jpg,0.003921568393707275
141_92_01439362-04a9-11ee-a22b-845cf3264332.jpg,0.003921568393707275
141_92_017bcc64-04a9-11ee-a22b-845cf3264332.jpg,0.003921568393707275
141_92_01bcaa86-04a9-11ee-a22b-845cf3264332.jpg,-0.43529415130615234
141_92_01eff45e-04a9-11ee-a22b-845cf3264332.jpg,-1.0
141_92_02216f16-04a9-11ee-a22b-845cf3264332.jpg,0.003921568393707275
141_92_02517666-04a9-11ee-a22b-845cf3264332.jpg,0.003921568393707275
141_92_0286087c-04a9-11ee-a22b-845cf3264332.jpg,0.003921568393707275
141_92_02be3d5a-04a9-11ee-a22b-845cf3264332.jpg,0.003921568393707275
141_92_02f3de7e-04a9-11ee-a22b-845cf3264332.jpg,0.003921568393707275
141_92_032ce3fe-04a9-11ee-a22b-845cf3264332.jpg,-1.0
141_92_035fae74-04a9-11ee-a22b-845cf3264332.jpg,0.003921568393707275
141_92_039f4462-04a9-11ee-a22b-845cf3264332.jpg,-0.40392160415649414
141_92_03d1e7fa-04a9-11ee-a22b-845cf3264332.jpg,-1.0
141_92_04071bd2-04a9-11ee-a22b-845cf3264332.jpg,-1.0
141_92_0435bd70-04a9-11ee-a22b-845cf3264332.jpg,-1.0
141_92_046b665a-04a9-11ee-a22b-845cf3264332.jpg,-1.0
141_92_04a24ba2-04a9-11ee-a22b-845cf3264332.jpg,-1.0
141_92_04d8af26-04a9-11ee-a22b-845cf3264332.jpg,-1.0
141_92_050b9a62-04a9-11ee-a22b-845cf3264332.jpg,-1.0
141_92_05413226-04a9-11ee-a22b-845cf3264332.jpg,-1.0
141_92_057e744c-04a9-11ee-a22b-845cf3264332.jpg,-0.8980392217636108
141_92_05bc2ea4-04a9-11ee-a22b-845cf3264332.jpg,0.003921568393707275
141_92_05ef9f82-04a9-11ee-a22b-845cf3264332.jpg,-1.0
141_92_061fbf50-04a9-11ee-a22b-845cf3264332.jpg,0.003921568393707275
141_92_0651b3c0-04a9-11ee-a22b-845cf3264332.jpg,-1.0
141_92_068417d4-04a9-11ee-a22b-845cf3264332.jpg,-1.0
141_92_06b9e576-04a9-11ee-a22b-845cf3264332.jpg,-1.0
141_92_06efe266-04a9-11ee-a22b-845cf3264332.jpg,-1.0
141_92_0724e344-04a9-11ee-a22b-845cf3264332.jpg,-1.0
141_92_075c58b0-04a9-11ee-a22b-845cf3264332.jpg,-1.0
141_92_079280fc-04a9-11ee-a22b-845cf3264332.jpg,-1.0
141_92_07c769b6-04a9-11ee-a22b-845cf3264332.jpg,-1.0
141_92_07fd6656-04a9-11ee-a22b-845cf3264332.jpg,-1.0
141_92_0849f214-04a9-11ee-a22b-845cf3264332.jpg,-1.0
141_92_087b375c-04a9-11ee-a22b-845cf3264332.jpg,-1.0
141_92_08a9ca04-04a9-11ee-a22b-845cf3264332.jpg,-1.0
141_92_08d6688e-04a9-11ee-a22b-845cf3264332.jpg,-1.0
141_92_091224be-04a9-11ee-a22b-845cf3264332.jpg,0.003921568393707275
141_92_0948a2d2-04a9-11ee-a22b-845cf3264332.jpg,0.003921568393707275
141_92_09752014-04a9-11ee-a22b-845cf3264332.jpg,0.003921568393707275
141_92_09b5f5ee-04a9-11ee-a22b-845cf3264332.jpg,-0.35686278343200684
141_92_09e6b4ea-04a9-11ee-a22b-845cf3264332.jpg,-1.0
141_92_0a1d2f70-04a9-11ee-a22b-845cf3264332.jpg,0.003921568393707275
141_92_0a4cfbe2-04a9-11ee-a22b-845cf3264332.jpg,0.003921568393707275
141_92_0a814d7a-04a9-11ee-a22b-845cf3264332.jpg,0.003921568393707275
141_92_0abd06da-04a9-11ee-a22b-845cf3264332.jpg,0.003921568393707275
141_92_0aec9c7e-04a9-11ee-a22b-845cf3264332.jpg,0.003921568393707275
141_92_0b234a58-04a9-11ee-a22b-845cf3264332.jpg,0.003921568393707275
141_92_0b57cc60-04a9-11ee-a22b-845cf3264332.jpg,0.003921568393707275
141_92_0b90ad46-04a9-11ee-a22b-845cf3264332.jpg,0.003921568393707275
141_92_0bc70666-04a9-11ee-a22b-845cf3264332.jpg,0.003921568393707275
141_92_0c01abe0-04a9-11ee-a22b-845cf3264332.jpg,-1.0
141_92_0c36b600-04a9-11ee-a22b-845cf3264332.jpg,0.003921568393707275
141_92_0c6538ea-04a9-11ee-a22b-845cf3264332.jpg,0.003921568393707275
141_92_0c9af07a-04a9-11ee-a22b-845cf3264332.jpg,0.003921568393707275
141_92_0cd0cd9e-04a9-11ee-a22b-845cf3264332.jpg,0.003921568393707275
141_92_0d0680ce-04a9-11ee-a22b-845cf3264332.jpg,0.003921568393707275
141_92_0d46a410-04a9-11ee-a22b-845cf3264332.jpg,-1.0
141_92_0d7207a4-04a9-11ee-a22b-845cf3264332.jpg,0.003921568393707275
141_92_0da90ef2-04a9-11ee-a22b-845cf3264332.jpg,0.003921568393707275
141_92_0de69cd6-04a9-11ee-a22b-845cf3264332.jpg,-1.0
141_92_0e185078-04a9-11ee-a22b-845cf3264332.jpg,-1.0
141_92_0e4d0c0a-04a9-11ee-a22b-845cf3264332.jpg,0.003921568393707275
141_92_0e8b01e0-04a9-11ee-a22b-845cf3264332.jpg,-1.0
141_92_0ebc8e36-04a9-11ee-a22b-845cf3264332.jpg,-1.0
141_92_0eeb1d28-04a9-11ee-a22b-845cf3264332.jpg,-1.0
141_92_0f20cb44-04a9-11ee-a22b-845cf3264332.jpg,-1.0
141_92_0f56007a-04a9-11ee-a22b-845cf3264332.jpg,-1.0
141_92_0f8ebd7a-04a9-11ee-a22b-845cf3264332.jpg,-1.0
141_92_0fc18494-04a9-11ee-a22b-845cf3264332.jpg,-1.0
141_92_0ff6ee9a-04a9-11ee-a22b-845cf3264332.jpg,-1.0
141_92_102fa3c0-04a9-11ee-a22b-845cf3264332.jpg,-1.0
141_92_1062121a-04a9-11ee-a22b-845cf3264332.jpg,-1.0
141_92_109c1b0e-04a9-11ee-a22b-845cf3264332.jpg,-1.0
141_92_10ce10e6-04a9-11ee-a22b-845cf3264332.jpg,-1.0
141_92_1104066a-04a9-11ee-a22b-845cf3264332.jpg,-1.0
141_92_113ce4ee-04a9-11ee-a22b-845cf3264332.jpg,-1.0
141_92_11720980-04a9-11ee-a22b-845cf3264332.jpg,-1.0
141_92_11a70220-04a9-11ee-a22b-845cf3264332.jpg,-1.0
141_92_11de589c-04a9-11ee-a22b-845cf3264332.jpg,-1.0
141_92_1212fae8-04a9-11ee-a22b-845cf3264332.jpg,-1.0
141_92_12495e9e-04a9-11ee-a22b-845cf3264332.jpg,-1.0
141_92_12889dca-04a9-11ee-a22b-845cf3264332.jpg,0.003921568393707275
141_92_12c65854-04a9-11ee-a22b-845cf3264332.jpg,-0.41960787773132324
141_92_12efbb68-04a9-11ee-a22b-845cf3264332.jpg,-1.0
141_92_13276a40-04a9-11ee-a22b-845cf3264332.jpg,0.003921568393707275
141_92_135473c8-04a9-11ee-a22b-845cf3264332.jpg,0.003921568393707275
141_92_138c97c6-04a9-11ee-a22b-845cf3264332.jpg,0.003921568393707275
141_92_13c19da4-04a9-11ee-a22b-845cf3264332.jpg,0.003921568393707275
141_92_13faa950-04a9-11ee-a22b-845cf3264332.jpg,-1.0
141_92_142feffc-04a9-11ee-a22b-845cf3264332.jpg,0.003921568393707275
141_92_14686dc8-04a9-11ee-a22b-845cf3264332.jpg,0.003921568393707275
141_92_1497138a-04a9-11ee-a22b-845cf3264332.jpg,0.003921568393707275
141_92_14d7bed0-04a9-11ee-a22b-845cf3264332.jpg,0.7333333492279053
141_92_15036b20-04a9-11ee-a22b-845cf3264332.jpg,0.003921568393707275
141_92_153d700e-04a9-11ee-a22b-845cf3264332.jpg,-1.0
141_92_1577ab2a-04a9-11ee-a22b-845cf3264332.jpg,-0.7490196228027344
141_92_15b5a42a-04a9-11ee-a22b-845cf3264332.jpg,0.003921568393707275
141_92_15da4640-04a9-11ee-a22b-845cf3264332.jpg,0.003921568393707275
141_92_160f79aa-04a9-11ee-a22b-845cf3264332.jpg,0.003921568393707275
141_92_1644b962-04a9-11ee-a22b-845cf3264332.jpg,0.003921568393707275
141_92_167e19fa-04a9-11ee-a22b-845cf3264332.jpg,0.003921568393707275
141_92_16b0ce4a-04a9-11ee-a22b-845cf3264332.jpg,0.003921568393707275
141_92_16e615e6-04a9-11ee-a22b-845cf3264332.jpg,0.003921568393707275
141_92_1722d620-04a9-11ee-a22b-845cf3264332.jpg,-1.0
141_92_17539530-04a9-11ee-a22b-845cf3264332.jpg,0.003921568393707275
141_92_178b8968-04a9-11ee-a22b-845cf3264332.jpg,0.003921568393707275
141_92_17c68bda-04a9-11ee-a22b-845cf3264332.jpg,-0.003921627998352051
141_92_18008e7a-04a9-11ee-a22b-845cf3264332.jpg,0.003921568393707275
141_92_1835fc54-04a9-11ee-a22b-845cf3264332.jpg,-1.0
141_92_185ed37c-04a9-11ee-a22b-845cf3264332.jpg,-1.0
141_92_189617ec-04a9-11ee-a22b-845cf3264332.jpg,-1.0
141_92_18d65c94-04a9-11ee-a22b-845cf3264332.jpg,0.003921568393707275
141_92_1907e5ca-04a9-11ee-a22b-845cf3264332.jpg,-1.0
141_92_1935904c-04a9-11ee-a22b-845cf3264332.jpg,-1.0
141_92_196c7d00-04a9-11ee-a22b-845cf3264332.jpg,-1.0
141_92_19a319a0-04a9-11ee-a22b-845cf3264332.jpg,-1.0
141_92_19d684de-04a9-11ee-a22b-845cf3264332.jpg,-1.0
141_92_1a0e09ae-04a9-11ee-a22b-845cf3264332.jpg,-1.0
141_92_1a43b482-04a9-11ee-a22b-845cf3264332.jpg,-1.0
141_92_1a7848c8-04a9-11ee-a22b-845cf3264332.jpg,-1.0
141_92_1aacea2e-04a9-11ee-a22b-845cf3264332.jpg,-1.0
141_92_1ae3533e-04a9-11ee-a22b-845cf3264332.jpg,-1.0
141_92_1b199eda-04a9-11ee-a22b-845cf3264332.jpg,-1.0
141_92_1b521cba-04a9-11ee-a22b-845cf3264332.jpg,-1.0
141_92_1b8711a4-04a9-11ee-a22b-845cf3264332.jpg,-1.0
141_92_1bbadbec-04a9-11ee-a22b-845cf3264332.jpg,-1.0
141_92_1bf0adf8-04a9-11ee-a22b-845cf3264332.jpg,-1.0
141_92_1c25cc22-04a9-11ee-a22b-845cf3264332.jpg,-1.0
141_92_1c66c696-04a9-11ee-a22b-845cf3264332.jpg,-0.5686274766921997
141_92_1c99dd74-04a9-11ee-a22b-845cf3264332.jpg,0.003921568393707275
141_92_1ccee80c-04a9-11ee-a22b-845cf3264332.jpg,-0.29411768913269043
141_92_1d069f5e-04a9-11ee-a22b-845cf3264332.jpg,0.003921568393707275
141_92_1d3719cc-04a9-11ee-a22b-845cf3264332.jpg,-1.0
141_92_1d6d2166-04a9-11ee-a22b-845cf3264332.jpg,-1.0
141_92_1da6f3dc-04a9-11ee-a22b-845cf3264332.jpg,0.003921568393707275
141_92_1dd3e4fa-04a9-11ee-a22b-845cf3264332.jpg,0.003921568393707275
141_92_1e10b830-04a9-11ee-a22b-845cf3264332.jpg,-1.0
141_92_1e4c3798-04a9-11ee-a22b-845cf3264332.jpg,0.003921568393707275
141_92_1e7f67f8-04a9-11ee-a22b-845cf3264332.jpg,0.003921568393707275
141_92_1eb01f10-04a9-11ee-a22b-845cf3264332.jpg,0.003921568393707275
141_92_1ee193ba-04a9-11ee-a22b-845cf3264332.jpg,0.003921568393707275
141_92_1f218a60-04a9-11ee-a22b-845cf3264332.jpg,-1.0
141_92_1f4f9cfc-04a9-11ee-a22b-845cf3264332.jpg,0.003921568393707275
141_92_1f8827b6-04a9-11ee-a22b-845cf3264332.jpg,0.003921568393707275
141_92_1fb85f80-04a9-11ee-a22b-845cf3264332.jpg,0.003921568393707275
141_92_1fec5b5a-04a9-11ee-a22b-845cf3264332.jpg,0.003921568393707275
141_92_20233d32-04a9-11ee-a22b-845cf3264332.jpg,0.003921568393707275
141_92_205a3dc8-04a9-11ee-a22b-845cf3264332.jpg,0.003921568393707275
141_92_208df69a-04a9-11ee-a22b-845cf3264332.jpg,0.003921568393707275
141_92_20cce5d0-04a9-11ee-a22b-845cf3264332.jpg,-0.5215686559677124
141_92_2109aa42-04a9-11ee-a22b-845cf3264332.jpg,0.003921568393707275
141_92_212f61ba-04a9-11ee-a22b-845cf3264332.jpg,0.003921568393707275
141_92_216fe64a-04a9-11ee-a22b-845cf3264332.jpg,-0.7490196228027344
141_92_21a58228-04a9-11ee-a22b-845cf3264332.jpg,-1.0
141_92_21df8612-04a9-11ee-a22b-845cf3264332.jpg,0.003921568393707275
141_92_220d471e-04a9-11ee-a22b-845cf3264332.jpg,0.003921568393707275
141_92_2248a480-04a9-11ee-a22b-845cf3264332.jpg,-0.529411792755127
141_92_228807e2-04a9-11ee-a22b-845cf3264332.jpg,-1.0
141_92_22b45978-04a9-11ee-a22b-845cf3264332.jpg,-1.0
141_92_22dfb80c-04a9-11ee-a22b-845cf3264332.jpg,-1.0
